{"cameraMode":{"drawMode":0,"name":"Shaded","section":"Shading Mode"},"sceneLighting":true,"audioPlay":false,"sceneViewState":{"showFog":true,"showMaterialUpdate":true,"showSkybox":true,"showFlares":true,"showImageEffects":true,"showParticleSystems":true},"in2DMode":false,"pivot":{"x":0.13994650542736054,"y":0.16434670984745027,"z":-0.41236597299575808},"rotation":{"x":-0.00010329462384106591,"y":0.9995082020759583,"z":0.031184818595647813,"w":0.0032998742535710336},"size":7.3190016746521,"orthographic":false}